1,you,182
2,the,125
3,a,119
4,is,116
5,i,104
6,to,91
7,it,90
8,<NARR>,65
9,<OBS>,65
10,like,61
11,want,60
12,it's,48
13,and,46
14,because,42
15,we,40
16,your,39
17,go,39
18,<REQ>,38
19,can,38
20,one,38
21,<INFO>,37
22,that,34
23,on,34
24,my,34
25,you're,33
26,when,33
27,<EMO>,32
28,do,32
29,what,31
30,don't,29
31,have,26
32,let's,26
33,me,26
34,i'm,25
35,this,24
36,too,24
37,there,24
38,up,22
39,why,20
40,was,20
41,in,19
42,big,19
43,with,18
44,play,17
45,be,17
46,no,17
47,mummy,16
48,he,16
49,get,16
50,going,15
51,she,15
52,love,15
53,cuddle,15
54,time,15
55,for,14
56,chocolate,14
57,they,14
58,her,14
59,were,14
60,but,13
61,sun,13
62,nursery,13
63,now,13
64,here,13
65,daddy,13
66,biscuit,13
67,red,12
68,that's,11
69,he's,11
70,poo,11
71,will,11
72,baby,11
73,really,11
74,some,11
75,dinner,11
76,isn't,10
77,didn't,10
78,yes,10
79,we're,10
80,cream,10
81,put,10
82,very,10
83,day,10
84,toy,10
85,of,10
86,down,9
87,are,9
88,fell,9
89,run,9
90,can't,9
91,come,9
92,did,9
93,them,9
94,sad,9
95,broken,9
96,birthday,8
97,feel,8
98,bit,8
99,good,8
100,yummy,8
101,scary,8
102,at,8
103,ella,8
104,think,8
105,boy,8
106,doesn't,8
107,wear,8
108,nappy,7
109,soon,7
110,so,7
111,all,7
112,had,7
113,home,7
114,cake,7
115,balloon,7
116,next,7
117,pizza,7
118,cat,7
119,see,7
120,away,7
121,high,7
122,i'll,6
123,his,6
124,said,6
125,got,6
126,jumping,6
127,eat,6
128,you'll,6
129,sometimes,6
130,happy,6
131,need,6
132,things,6
133,ice,6
134,not,6
135,little,6
136,from,6
137,silly,6
138,say,6
139,fast,6
140,goes,6
141,where,6
142,ok,6
143,playing,6
144,better,6
145,does,6
146,we'll,6
147,moon,5
148,hard,5
149,climb,5
150,jump,5
151,bedtime,5
152,outside,5
153,car,5
154,yet,5
155,stop,5
156,bed,5
157,soft,5
158,long,5
159,change,5
160,after,5
161,teddy,5
162,again,5
163,while,5
164,fun,5
165,dinosaurs,5
166,round,5
167,bigger,5
168,more,5
169,sleeping,5
170,needs,5
171,sick,5
172,lion,4
173,school,4
174,hurt,4
175,off,4
176,yucky,4
177,hungry,4
178,dirty,4
179,woof,4
180,different,4
181,george,4
182,friend,4
183,him,4
184,milk,4
185,look,4
186,just,4
187,toilet,4
188,fix,4
189,hurts,4
190,juice,4
191,dog,4
192,walking,4
193,jumper,4
194,nice,4
195,man,4
196,doctors,4
197,garden,4
198,last,4
199,snake,4
200,duck,4
201,penguin,4
202,work,4
203,wet,4
204,help,4
205,slide,4
206,tired,4
207,then,4
208,spain,4
209,back,4
210,still,4
211,both,4
212,peppa,4
213,hot,4
214,tomorrow,4
215,kind,4
216,spicy,4
217,shoe,4
218,marble,4
219,having,4
220,poos,4
221,leave,4
222,upstairs,4
223,please,3
224,find,3
225,chris,3
226,sandy,3
227,feeling,3
228,there's,3
229,babies,3
230,wait,3
231,makes,3
232,knee,3
233,hands,3
234,touch,3
235,if,3
236,loves,3
237,own,3
238,our,3
239,keep,3
240,us,3
241,crying,3
242,she's,3
243,woah,3
244,bite,3
245,thing,3
246,well,3
247,looking,3
248,magazine,3
249,medal,3
250,out,3
251,know,3
252,green,3
253,barking,3
254,lovely,3
255,small,3
256,water,3
257,blanket,3
258,something,3
259,draw,3
260,ground,3
261,sprinkles,3
262,colouring,3
263,everywhere,3
264,take,3
265,house,3
266,by,3
267,new,3
268,ducks,3
269,actually,3
270,says,3
271,spiders,3
272,bananas,3
273,stay,3
274,instructions,3
275,wanted,3
276,roar,3
277,morning,3
278,balloons,3
279,let,3
280,lift,3
281,shoes,3
282,tummy,3
283,other,3
284,today,3
285,gloves,3
286,biscuits,3
287,funny,2
288,eye,2
289,side,2
290,enjoying,2
291,secret,2
292,finger,2
293,read,2
294,kangaroos,2
295,quack,2
296,maybe,2
297,question,2
298,shop,2
299,any,2
300,tooth,2
301,lots,2
302,asleep,2
303,haven't,2
304,sounds,2
305,instead,2
306,built,2
307,throwing,2
308,vitamins,2
309,purple,2
310,show,2
311,ella's,2
312,smelly,2
313,bluey,2
314,whooosh,2
315,try,2
316,already,2
317,bag,2
318,sit,2
319,dropped,2
320,mia,2
321,favourite,2
322,best,2
323,remember,2
324,giving,2
325,glueing,2
326,christmas,2
327,another,2
328,nose,2
329,hair,2
330,glad,2
331,stick,2
332,blocks,2
333,telling,2
334,broke,2
335,must,2
336,lava,2
337,saying,2
338,head,2
339,hand,2
340,played,2
341,hit,2
342,warm,2
343,ran,2
344,poorly,2
345,laugh,2
346,burst,2
347,flower,2
348,brums,2
349,dogs,2
350,wake,2
351,full,2
352,bored,2
353,clean,2
354,trees,2
355,bulb,2
356,clever,2
357,sky,2
358,dribbling,2
359,popped,2
360,sunny,2
361,nearly,2
362,bad,2
363,pumping,2
364,has,2
365,loads,2
366,dreamed,2
367,comes,2
368,excited,2
369,gravity,2
370,nap,2
371,sticking,2
372,krisshiv,2
373,bounce,2
374,spiderman,2
375,cup,2
376,foot,2
377,stand,2
378,drink,2
379,animal,2
380,middle,2
381,lost,2
382,cabbage,2
383,buy,2
384,pedal,2
385,took,2
386,teeth,2
387,steep,2
388,these,2
389,making,2
390,around,2
391,spoon,2
392,doing,2
393,cold,2
394,thomas,2
395,over,2
396,lined,2
397,cooking,2
398,driver,2
399,i've,2
400,straws,2
401,space,2
402,quickly,2
403,supposed,2
404,party,2
405,grow,2
406,helped,2
407,rocks,2
408,dinosaur,2
409,race,2
410,their,2
411,gobbled,2
412,grown,2
413,cool,2
414,picked,2
415,fairy,2
416,ones,2
417,wasn't,2
418,wee,2
419,bumped,2
420,park,2
421,fixed,2
422,money,2
423,stopped,2
424,ups,2
425,you've,2
426,cross,2
427,use,2
428,airplane,2
429,yuck,2
430,under,2
431,shall,2
432,sandwich,2
433,unicorn,2
434,into,2
435,train,2
436,pancakes,2
437,he'll,2
438,frothy,2
439,changing,2
440,glasses,2
441,ladder,2
442,room,2
443,hello,2
444,bits,2
445,stood,2
446,part,2
447,road,2
448,pink,2
449,clip,2
450,they're,2
451,dry,2
452,sandy's,2
453,catch,2
454,about,2
455,gone,2
456,colours,2
457,card,2
458,bowl,2
459,arrived,2
460,thank,2
461,many,2
462,trains,2
463,bike,2
464,top,2
465,pushed,2
466,peppers,2
467,armpits,2
468,spinning,2
469,bath,2
470,looks,1
471,shiny,1
472,able,1
473,lights,1
474,sweet,1
475,wash,1
476,rub,1
477,hurry,1
478,<END,1
479,buyed,1
480,horrible,1
481,reach,1
482,children,1
483,door,1
484,tuesdays,1
485,dream,1
486,choose,1
487,needed,1
488,switch,1
489,bringed,1
490,leaves,1
491,burn,1
492,scared,1
493,nicely,1
494,everyone,1
495,voices,1
496,forth,1
497,glue,1
498,tea,1
499,drives,1
500,lonely,1
501,goodly,1
502,candles,1
503,tuesday,1
504,running,1
505,flight,1
506,would,1
507,float,1
508,whooshing,1
509,rest,1
510,carefully,1
511,short,1
512,pretty,1
513,ready,1
514,sleep,1
515,came,1
516,bird,1
517,sliding,1
518,self,1
519,everybody,1
520,wrote,1
521,night,1
522,though,1
523,walk,1
524,biggest,1
525,build,1
526,sports,1
527,coming,1
528,stir,1
529,balance,1
530,yourself,1
531,tail,1
532,sang,1
533,safe,1
534,gooder,1
535,way,1
536,bought,1
537,fishes,1
538,until,1
539,doctor,1
540,wind,1
541,climbing,1
542,we've,1
543,likes,1
544,talking,1
545,downstairs,1
546,minutes,1
547,hasn't,1
548,found,1
549,someone,1
550,yesterday,1
551,being,1
552,same,1
553,wants,1
554,fixing,1
555,how,1
556,ladybird,1
557,snack,1
558,ate,1
559,live,1
560,hope,1
561,colour,1
562,hate,1
563,floor,1
564,tall,1
565,should,1
566,pulls,1
567,few,1
568,paper,1
569,much,1
570,kangaroo,1
571,yellow,1
572,sheets,1
573,fish,1
574,waited,1
575,give,1
576,gets,1
577,tastes,1
578,coin,1
579,calm,1
580,turn,1
581,make,1
582,yay,1
583,fluffy,1
584,treat,1
585,smaller,1
586,brought,1
587,heat,1
588,mmmm,1
589,tree,1
590,it'll,1
591,turns,1
592,special,1
593,bouncing,1
594,ask,1
595,mouth,1
596,cuddly,1
597,icing,1
598,light,1
599,wees,1
600,fly,1
601,important,1
602,bang,1
603,along,1
604,together,1
605,kiss,1
606,later,1
607,won,1
608,might,1
609,right,1
610,days,1
611,perhaps,1
